	np-s vp-s	np-s pp1-s vp-s	np-s pp1-p vp-s	np-s pp1-s pp2-s vp-s	np-s pp1-p pp2-s vp-s	np-s pp1-s pp2-p vp-s	np-s pp1-p pp2-p vp-s	np-p vp-p	np-p pp1-s vp-p	np-p pp1-p vp-p	np-p pp1-s pp2-s vp-p	np-p pp1-p pp2-s vp-p	np-p pp1-s pp2-p vp-p	np-p pp1-p pp2-p vp-p	np-s vp-p	np-s pp1-s vp-p	np-s pp1-p vp-p	np-s pp1-s pp2-s vp-p	np-s pp1-p pp2-s vp-p	np-s pp1-s pp2-p vp-p	np-s pp1-p pp2-p vp-p	np-p vp-s	np-p pp1-s vp-s	np-p pp1-p vp-s	np-p pp1-s pp2-s vp-s	np-p pp1-p pp2-s vp-s	np-p pp1-s pp2-p vp-s	np-p pp1-p pp2-p vp-s
0	Calculatorul este defect .	Calculatorul cu program este defect .	Calculatorul cu programe este defect .	Calculatorul cu programul experimentului este defect .	Calculatorul cu programele experimentului este defect .	Calculatorul cu programul experimentelor este defect .	Calculatorul cu programele experimentelor este defect .	Calculatoarele sunt defecte .	Calculatoarele cu program sunt defecte .	Calculatoarele cu programe sunt defecte .	Calculatoarele cu programul experimentului sunt defecte .	Calculatoarele cu programele experimentului sunt defecte .	Calculatoarele cu programul experimentelor sunt defecte .	Calculatoarele cu programele experimentelor sunt defecte .	Calculatorul sunt defecte .	Calculatorul cu program sunt defecte .	Calculatorul cu programe sunt defecte .	Calculatorul cu programul experimentului sunt defecte .	Calculatorul cu programele experimentului sunt defecte .	Calculatorul cu programul experimentelor sunt defecte .	Calculatorul cu programele experimentelor sunt defecte .	Calculatoarele este defect .	Calculatoarele cu program este defect .	Calculatoarele cu programe este defect .	Calculatoarele cu programul experimentului este defect .	Calculatoarele cu programele experimentului este defect .	Calculatoarele cu programul experimentelor este defect .	Calculatoarele cu programele experimentelor este defect .
1	Expoziția a avut mare succes .	Expoziția cu pictură a avut mare succes .	Expoziția cu picturi a avut mare succes .	Expoziția cu pictura artistului a avut mare succes .	Expoziția cu picturile artistului a avut mare succes .	Expoziția cu pictura artiștilor a avut mare succes .	Expoziția cu picturile artiștilor a avut mare succes .	Expozițiile au avut mare succes .	Expozițiile cu pictură au avut mare succes .	Expozițiile cu picturi au avut mare succes .	Expozițiile cu pictura artistului au avut mare succes .	Expozițiile cu picturile artistului au avut mare succes .	Expozițiile cu pictura artiștilor au avut mare succes .	Expozițiile cu picturile artiștilor au avut mare succes .	Expoziția au avut mare succes .	Expoziția cu pictură au avut mare succes .	Expoziția cu picturi au avut mare succes .	Expoziția cu pictura artistului au avut mare succes .	Expoziția cu picturile artistului au avut mare succes .	Expoziția cu pictura artiștilor au avut mare succes .	Expoziția cu picturile artiștilor au avut mare succes .	Expozițiile a avut mare succes .	Expozițiile cu pictură a avut mare succes .	Expozițiile cu picturi a avut mare succes .	Expozițiile cu pictura artistului a avut mare succes .	Expozițiile cu picturile artistului a avut mare succes .	Expozițiile cu pictura artiștilor a avut mare succes .	Expozițiile cu picturile artiștilor a avut mare succes .
2	Brelocul este pe raft .	Brelocul cu cheie este pe raft .	Brelocul cu chei este pe raft .	Brelocul cu cheia dulapului este pe raft .	Brelocul cu cheile dulapului este pe raft .	Brelocul cu cheia dulapurilor este pe raft .	Brelocul cu cheile dulapurilor este pe raft .	Brelocurile sunt pe raft .	Brelocurile cu cheie sunt pe raft .	Brelocurile cu chei sunt pe raft .	Brelocurile cu cheia dulapului sunt pe raft .	Brelocurile cu cheile dulapului sunt pe raft .	Brelocurile cu cheia dulapurilor sunt pe raft .	Brelocurile cu cheile dulapurilor sunt pe raft .	Brelocul sunt pe raft .	Brelocul cu cheie sunt pe raft .	Brelocul cu chei sunt pe raft .	Brelocul cu cheia dulapului sunt pe raft .	Brelocul cu cheile dulapului sunt pe raft .	Brelocul cu cheia dulapurilor sunt pe raft .	Brelocul cu cheile dulapurilor sunt pe raft .	Brelocurile este pe raft .	Brelocurile cu cheie este pe raft .	Brelocurile cu chei este pe raft .	Brelocurile cu cheia dulapului este pe raft .	Brelocurile cu cheile dulapului este pe raft .	Brelocurile cu cheia dulapurilor este pe raft .	Brelocurile cu cheile dulapurilor este pe raft .
3	Cartea a entuziasmat publicul .	Cartea despre privatizare a entuziasmat publicul .	Cartea despre privatizări a entuziasmat publicul .	Cartea despre privatizarea companiei a entuziasmat publicul .	Cartea despre privatizările companiei a entuziasmat publicul .	Cartea despre privatizarea companiilor a entuziasmat publicul .	Cartea despre privatizările companiilor a entuziasmat publicul .	Carțile au entuziasmat publicul .	Carțile despre privatizare au entuziasmat publicul .	Carțile despre privatizări au entuziasmat publicul .	Carțile despre privatizarea companiei au entuziasmat publicul .	Carțile despre privatizările companiei au entuziasmat publicul .	Carțile despre privatizarea companiilor au entuziasmat publicul .	Carțile despre privatizările companiilor au entuziasmat publicul .	Cartea au entuziasmat publicul .	Cartea despre privatizare au entuziasmat publicul .	Cartea despre privatizări au entuziasmat publicul .	Cartea despre privatizarea companiei au entuziasmat publicul .	Cartea despre privatizările companiei au entuziasmat publicul .	Cartea despre privatizarea companiilor au entuziasmat publicul .	Cartea despre privatizările companiilor au entuziasmat publicul .	Carțile a entuziasmat publicul .	Carțile despre privatizare a entuziasmat publicul .	Carțile despre privatizări a entuziasmat publicul .	Carțile despre privatizarea companiei a entuziasmat publicul .	Carțile despre privatizările companiei a entuziasmat publicul .	Carțile despre privatizarea companiilor a entuziasmat publicul .	Carțile despre privatizările companiilor a entuziasmat publicul .
4	Conferința a început mai târziu decat era prevăzut .	Conferința despre istorie a început mai târziu decat era prevăzut .	Conferința despre istorii a început mai târziu decat era prevăzut .	Conferința despre istoria razboiului a început mai târziu decat era prevăzut .	Conferința despre istoriile razboiului a început mai târziu decat era prevăzut .	Conferința despre istoria razboaielor a început mai târziu decat era prevăzut .	Conferința despre istoriile razboaielor a început mai târziu decat era prevăzut .	Conferințele au inceput mai tarziu decat era prevazut .	Conferințele despre istorie au inceput mai tarziu decat era prevazut .	Conferințele despre istorii au inceput mai tarziu decat era prevazut .	Conferințele despre istoria razboiului au inceput mai tarziu decat era prevazut .	Conferințele despre istoriile razboiului au inceput mai tarziu decat era prevazut .	Conferințele despre istoria razboaielor au inceput mai tarziu decat era prevazut .	Conferințele despre istoriile razboaielor au inceput mai tarziu decat era prevazut .	Conferința au inceput mai tarziu decat era prevazut .	Conferința despre istorie au inceput mai tarziu decat era prevazut .	Conferința despre istorii au inceput mai tarziu decat era prevazut .	Conferința despre istoria razboiului au inceput mai tarziu decat era prevazut .	Conferința despre istoriile razboiului au inceput mai tarziu decat era prevazut .	Conferința despre istoria razboaielor au inceput mai tarziu decat era prevazut .	Conferința despre istoriile razboaielor au inceput mai tarziu decat era prevazut .	Conferințele a început mai târziu decat era prevăzut .	Conferințele despre istorie a început mai târziu decat era prevăzut .	Conferințele despre istorii a început mai târziu decat era prevăzut .	Conferințele despre istoria razboiului a început mai târziu decat era prevăzut .	Conferințele despre istoriile razboiului a început mai târziu decat era prevăzut .	Conferințele despre istoria razboaielor a început mai târziu decat era prevăzut .	Conferințele despre istoriile razboaielor a început mai târziu decat era prevăzut .
5	Studiul va apare curând .	Studiul asupra efectului va apare curând .	Studiul asupra efectelor va apare curând .	Studiul asupra efectului drogului va apare curând .	Studiul asupra efectelor drogului va apare curând .	Studiul asupra efectului drogurilor va apare curând .	Studiul asupra efectelor drogurilor va apare curând .	Studiile vor aparea curand .	Studiile asupra efectului vor aparea curand .	Studiile asupra efectelor vor aparea curand .	Studiile asupra efectului drogului vor aparea curand .	Studiile asupra efectelor drogului vor aparea curand .	Studiile asupra efectului drogurilor vor aparea curand .	Studiile asupra efectelor drogurilor vor aparea curand .	Studiul vor aparea curand .	Studiul asupra efectului vor aparea curand .	Studiul asupra efectelor vor aparea curand .	Studiul asupra efectului drogului vor aparea curand .	Studiul asupra efectelor drogului vor aparea curand .	Studiul asupra efectului drogurilor vor aparea curand .	Studiul asupra efectelor drogurilor vor aparea curand .	Studiile va apare curând .	Studiile asupra efectului va apare curând .	Studiile asupra efectelor va apare curând .	Studiile asupra efectului drogului va apare curând .	Studiile asupra efectelor drogului va apare curând .	Studiile asupra efectului drogurilor va apare curând .	Studiile asupra efectelor drogurilor va apare curând .
6	Teoria este respinsă de comisie .	Teoria despre cântec este respinsă de comisie .	Teoria despre cântece este respinsă de comisie .	Teoria despre cântecul pasarii este respinsă de comisie .	Teoria despre cântecele pasarii este respinsă de comisie .	Teoria despre cântecul pasarilor este respinsă de comisie .	Teoria despre cântecele pasarilor este respinsă de comisie .	Teoriile sunt respinse de comisie .	Teoriile despre cântec sunt respinse de comisie .	Teoriile despre cântece sunt respinse de comisie .	Teoriile despre cântecul pasarii sunt respinse de comisie .	Teoriile despre cântecele pasarii sunt respinse de comisie .	Teoriile despre cântecul pasarilor sunt respinse de comisie .	Teoriile despre cântecele pasarilor sunt respinse de comisie .	Teoria sunt respinse de comisie .	Teoria despre cântec sunt respinse de comisie .	Teoria despre cântece sunt respinse de comisie .	Teoria despre cântecul pasarii sunt respinse de comisie .	Teoria despre cântecele pasarii sunt respinse de comisie .	Teoria despre cântecul pasarilor sunt respinse de comisie .	Teoria despre cântecele pasarilor sunt respinse de comisie .	Teoriile este respinsă de comisie .	Teoriile despre cântec este respinsă de comisie .	Teoriile despre cântece este respinsă de comisie .	Teoriile despre cântecul pasarii este respinsă de comisie .	Teoriile despre cântecele pasarii este respinsă de comisie .	Teoriile despre cântecul pasarilor este respinsă de comisie .	Teoriile despre cântecele pasarilor este respinsă de comisie .
7	Inscripția a supărat-o pe mama ei .	Inscripția de pe ușă a supărat-o pe mama ei .	Inscripția de pe uși a supărat-o pe mama ei .	Inscripția de pe ușa camerei a supărat-o pe mama ei .	Inscripția de pe ușile camerei a supărat-o pe mama ei .	Inscripția de pe ușa camerelor a supărat-o pe mama ei .	Inscripția de pe ușile camerelor a supărat-o pe mama ei .	Inscripțiile au supărat-o pe mama ei .	Inscripțiile de pe ușă au supărat-o pe mama ei .	Inscripțiile de pe uși au supărat-o pe mama ei .	Inscripțiile de pe ușa camerei au supărat-o pe mama ei .	Inscripțiile de pe ușile camerei au supărat-o pe mama ei .	Inscripțiile de pe ușa camerelor au supărat-o pe mama ei .	Inscripțiile de pe ușile camerelor au supărat-o pe mama ei .	Inscripția au supărat-o pe mama ei .	Inscripția de pe ușă au supărat-o pe mama ei .	Inscripția de pe uși au supărat-o pe mama ei .	Inscripția de pe ușa camerei au supărat-o pe mama ei .	Inscripția de pe ușile camerei au supărat-o pe mama ei .	Inscripția de pe ușa camerelor au supărat-o pe mama ei .	Inscripția de pe ușile camerelor au supărat-o pe mama ei .	Inscripțiile a supărat-o pe mama ei .	Inscripțiile de pe ușă a supărat-o pe mama ei .	Inscripțiile de pe uși a supărat-o pe mama ei .	Inscripțiile de pe ușa camerei a supărat-o pe mama ei .	Inscripțiile de pe ușile camerei a supărat-o pe mama ei .	Inscripțiile de pe ușa camerelor a supărat-o pe mama ei .	Inscripțiile de pe ușile camerelor a supărat-o pe mama ei .
8	Broșura a fost de mare interes .	Broșura despre problemă a fost de mare interes .	Broșura despre probleme a fost de mare interes .	Broșura despre problema comunitatii a fost de mare interes .	Broșura despre problemele comunitatii a fost de mare interes .	Broșura despre problema comunitatilor a fost de mare interes .	Broșura despre problemele comunitatilor a fost de mare interes .	Broșurile au fost de mare interes .	Broșurile despre problemă au fost de mare interes .	Broșurile despre probleme au fost de mare interes .	Broșurile despre problema comunitatii au fost de mare interes .	Broșurile despre problemele comunitatii au fost de mare interes .	Broșurile despre problema comunitatilor au fost de mare interes .	Broșurile despre problemele comunitatilor au fost de mare interes .	Broșura au fost de mare interes .	Broșura despre problemă au fost de mare interes .	Broșura despre probleme au fost de mare interes .	Broșura despre problema comunitatii au fost de mare interes .	Broșura despre problemele comunitatii au fost de mare interes .	Broșura despre problema comunitatilor au fost de mare interes .	Broșura despre problemele comunitatilor au fost de mare interes .	Broșurile a fost de mare interes .	Broșurile despre problemă a fost de mare interes .	Broșurile despre probleme a fost de mare interes .	Broșurile despre problema comunitatii a fost de mare interes .	Broșurile despre problemele comunitatii a fost de mare interes .	Broșurile despre problema comunitatilor a fost de mare interes .	Broșurile despre problemele comunitatilor a fost de mare interes .
9	Indicatorul a dispărut .	Indicatorul de la margine a dispărut .	Indicatorul de la margini a dispărut .	Indicatorul de la marginea drumului a dispărut .	Indicatorul de la marginile drumului a dispărut .	Indicatorul de la marginea drumurilor a dispărut .	Indicatorul de la marginile drumurilor a dispărut .	Indicatoarele au dispărut .	Indicatoarele de la margine au dispărut .	Indicatoarele de la margini au dispărut .	Indicatoarele de la marginea drumului au dispărut .	Indicatoarele de la marginile drumului au dispărut .	Indicatoarele de la marginea drumurilor au dispărut .	Indicatoarele de la marginile drumurilor au dispărut .	Indicatorul au dispărut .	Indicatorul de la margine au dispărut .	Indicatorul de la margini au dispărut .	Indicatorul de la marginea drumului au dispărut .	Indicatorul de la marginile drumului au dispărut .	Indicatorul de la marginea drumurilor au dispărut .	Indicatorul de la marginile drumurilor au dispărut .	Indicatoarele a dispărut .	Indicatoarele de la margine a dispărut .	Indicatoarele de la margini a dispărut .	Indicatoarele de la marginea drumului a dispărut .	Indicatoarele de la marginile drumului a dispărut .	Indicatoarele de la marginea drumurilor a dispărut .	Indicatoarele de la marginile drumurilor a dispărut .
10	Șervețelul strălucește în lumină .	Șervețelul de pe masă strălucește în lumină .	Șervețelul de pe mese strălucește în lumină .	Șervețelul de pe masa banchetului strălucește în lumină .	Șervețelul de pe mesele banchetului strălucește în lumină .	Șervețelul de pe masa bancheturilor strălucește în lumină .	Șervețelul de pe mesele bancheturilor strălucește în lumină .	Șervețelele strălucesc în lumină .	Șervețelele de pe masă strălucesc în lumină .	Șervețelele de pe mese strălucesc în lumină .	Șervețelele de pe masa banchetului strălucesc în lumină .	Șervețelele de pe mesele banchetului strălucesc în lumină .	Șervețelele de pe masa bancheturilor strălucesc în lumină .	Șervețelele de pe mesele bancheturilor strălucesc în lumină .	Șervețelul strălucesc în lumină .	Șervețelul de pe masă strălucesc în lumină .	Șervețelul de pe mese strălucesc în lumină .	Șervețelul de pe masa banchetului strălucesc în lumină .	Șervețelul de pe mesele banchetului strălucesc în lumină .	Șervețelul de pe masa bancheturilor strălucesc în lumină .	Șervețelul de pe mesele bancheturilor strălucesc în lumină .	Șervețelele strălucește în lumină .	Șervețelele de pe masă strălucește în lumină .	Șervețelele de pe mese strălucește în lumină .	Șervețelele de pe masa banchetului strălucește în lumină .	Șervețelele de pe mesele banchetului strălucește în lumină .	Șervețelele de pe masa bancheturilor strălucește în lumină .	Șervețelele de pe mesele bancheturilor strălucește în lumină .
11	Descrierea a impresionat jurnaliștii .	Descrierea evenimentului a impresionat jurnaliștii .	Descrierea evenimentelor a impresionat jurnaliștii .	Descrierea evenimentului din spital a impresionat jurnaliștii .	Descrierea evenimentelor din spital a impresionat jurnaliștii .	Descrierea evenimentului din spitale a impresionat jurnaliștii .	Descrierea evenimentelor din spitale a impresionat jurnaliștii .	Descrierile au impresionat jurnaliștii .	Descrierile evenimentului au impresionat jurnaliștii .	Descrierile evenimentelor au impresionat jurnaliștii .	Descrierile evenimentului din spital au impresionat jurnaliștii .	Descrierile evenimentelor din spital au impresionat jurnaliștii .	Descrierile evenimentului din spitale au impresionat jurnaliștii .	Descrierile evenimentelor din spitale au impresionat jurnaliștii .	Descrierea au impresionat jurnaliștii .	Descrierea evenimentului au impresionat jurnaliștii .	Descrierea evenimentelor au impresionat jurnaliștii .	Descrierea evenimentului din spital au impresionat jurnaliștii .	Descrierea evenimentelor din spital au impresionat jurnaliștii .	Descrierea evenimentului din spitale au impresionat jurnaliștii .	Descrierea evenimentelor din spitale au impresionat jurnaliștii .	Descrierile a impresionat jurnaliștii .	Descrierile evenimentului a impresionat jurnaliștii .	Descrierile evenimentelor a impresionat jurnaliștii .	Descrierile evenimentului din spital a impresionat jurnaliștii .	Descrierile evenimentelor din spital a impresionat jurnaliștii .	Descrierile evenimentului din spitale a impresionat jurnaliștii .	Descrierile evenimentelor din spitale a impresionat jurnaliștii .
12	Vizita va avea loc curând .	Vizita la expoziție va avea loc curând .	Vizita la expoziții va avea loc curând .	Vizita la expoziția artizanului va avea loc curând .	Vizita la expozițiile artizanului va avea loc curând .	Vizita la expoziția artizanilor va avea loc curând .	Vizita la expozițiile artizanilor va avea loc curând .	Vizitele vor avea loc curând .	Vizitele la expoziție vor avea loc curând .	Vizitele la expoziții vor avea loc curând .	Vizitele la expoziția artizanului vor avea loc curând .	Vizitele la expozițiile artizanului vor avea loc curând .	Vizitele la expoziția artizanilor vor avea loc curând .	Vizitele la expozițiile artizanilor vor avea loc curând .	Vizita vor avea loc curând .	Vizita la expoziție vor avea loc curând .	Vizita la expoziții vor avea loc curând .	Vizita la expoziția artizanului vor avea loc curând .	Vizita la expozițiile artizanului vor avea loc curând .	Vizita la expoziția artizanilor vor avea loc curând .	Vizita la expozițiile artizanilor vor avea loc curând .	Vizitele va avea loc curând .	Vizitele la expoziție va avea loc curând .	Vizitele la expoziții va avea loc curând .	Vizitele la expoziția artizanului va avea loc curând .	Vizitele la expozițiile artizanului va avea loc curând .	Vizitele la expoziția artizanilor va avea loc curând .	Vizitele la expozițiile artizanilor va avea loc curând .
13	Anunțul neliniștește doctorii .	Anunțul despre reformă neliniștește doctorii .	Anunțul despre reforme neliniștește doctorii .	Anunțul despre refoma în școală neliniștește doctorii .	Anunțul despre reformele în școală neliniștește doctorii .	Anunțul despre refoma în școli neliniștește doctorii .	Anunțul despre reformele în școli neliniștește doctorii .	Anunțurile neliniștesc doctorii .	Anunțurile despre reformă neliniștesc doctorii .	Anunțurile despre reforme neliniștesc doctorii .	Anunțurile despre refoma în școală neliniștesc doctorii .	Anunțurile despre reformele în școală neliniștesc doctorii .	Anunțurile despre refoma în școli neliniștesc doctorii .	Anunțurile despre reformele în școli neliniștesc doctorii .	Anunțul neliniștesc doctorii .	Anunțul despre reformă neliniștesc doctorii .	Anunțul despre reforme neliniștesc doctorii .	Anunțul despre refoma în școală neliniștesc doctorii .	Anunțul despre reformele în școală neliniștesc doctorii .	Anunțul despre refoma în școli neliniștesc doctorii .	Anunțul despre reformele în școli neliniștesc doctorii .	Anunțurile neliniștește doctorii .	Anunțurile despre reformă neliniștește doctorii .	Anunțurile despre reforme neliniștește doctorii .	Anunțurile despre refoma în școală neliniștește doctorii .	Anunțurile despre reformele în școală neliniștește doctorii .	Anunțurile despre refoma în școli neliniștește doctorii .	Anunțurile despre reformele în școli neliniștește doctorii .
14	Elicopterul s-a prăbușit .	Elicopterul pentru zbor s-a prăbușit .	Elicopterul pentru zboruri s-a prăbușit .	Elicopterul pentru zborul deasupra canionului s-a prăbușit .	Elicopterul pentru zborurile deasupra canionului s-a prăbușit .	Elicopterul pentru zborul deasupra canioanelor s-a prăbușit .	Elicopterul pentru zborurile deasupra canioanelor s-a prăbușit .	Elicopterele s-au prăbușit .	Elicopterele pentru zbor s-au prăbușit .	Elicopterele pentru zboruri s-au prăbușit .	Elicopterele pentru zborul deasupra canionului s-au prăbușit .	Elicopterele pentru zborurile deasupra canionului s-au prăbușit .	Elicopterele pentru zborul deasupra canioanelor s-au prăbușit .	Elicopterele pentru zborurile deasupra canioanelor s-au prăbușit .	Elicopterul s-au prăbușit .	Elicopterul pentru zbor s-au prăbușit .	Elicopterul pentru zboruri s-au prăbușit .	Elicopterul pentru zborul deasupra canionului s-au prăbușit .	Elicopterul pentru zborurile deasupra canionului s-au prăbușit .	Elicopterul pentru zborul deasupra canioanelor s-au prăbușit .	Elicopterul pentru zborurile deasupra canioanelor s-au prăbușit .	Elicopterele s-a prăbușit .	Elicopterele pentru zbor s-a prăbușit .	Elicopterele pentru zboruri s-a prăbușit .	Elicopterele pentru zborul deasupra canionului s-a prăbușit .	Elicopterele pentru zborurile deasupra canionului s-a prăbușit .	Elicopterele pentru zborul deasupra canioanelor s-a prăbușit .	Elicopterele pentru zborurile deasupra canioanelor s-a prăbușit .
15	Serata a deranjat vecinii .	Serata din apartament a deranjat vecinii .	Serata din apartamente a deranjat vecinii .	Serata din apartamentul de la subsol a deranjat vecinii .	Serata din apartamentele de la subsol a deranjat vecinii .	Serata din apartamentul de la subsoluri a deranjat vecinii .	Serata din apartamentele de la subsoluri a deranjat vecinii .	Seratele au deranjat vecinii .	Seratele din apartament au deranjat vecinii .	Seratele din apartamente au deranjat vecinii .	Seratele din apartamentul de la subsol au deranjat vecinii .	Seratele din apartamentele de la subsol au deranjat vecinii .	Seratele din apartamentul de la subsoluri au deranjat vecinii .	Seratele din apartamentele de la subsoluri au deranjat vecinii .	Serata au deranjat vecinii .	Serata din apartament au deranjat vecinii .	Serata din apartamente au deranjat vecinii .	Serata din apartamentul de la subsol au deranjat vecinii .	Serata din apartamentele de la subsol au deranjat vecinii .	Serata din apartamentul de la subsoluri au deranjat vecinii .	Serata din apartamentele de la subsoluri au deranjat vecinii .	Seratele a deranjat vecinii .	Seratele din apartament a deranjat vecinii .	Seratele din apartamente a deranjat vecinii .	Seratele din apartamentul de la subsol a deranjat vecinii .	Seratele din apartamentele de la subsol a deranjat vecinii .	Seratele din apartamentul de la subsoluri a deranjat vecinii .	Seratele din apartamentele de la subsoluri a deranjat vecinii .
16	Producătorul a câștigat premiul .	Producătorul de film a câștigat premiul .	Producătorul de filme a câștigat premiul .	Producătorul de film despre artist a câștigat premiul .	Producătorul de filme despre artist a câștigat premiul .	Producătorul de film despre artisti a câștigat premiul .	Producătorul de filme despre artisti a câștigat premiul .	Producătorii au câștigat premiul .	Producătorii de film au câștigat premiul .	Producătorii de filme au câștigat premiul .	Producătorii de film despre artist au câștigat premiul .	Producătorii de filme despre artist au câștigat premiul .	Producătorii de film despre artisti au câștigat premiul .	Producătorii de filme despre artisti au câștigat premiul .	Producătorul au câștigat premiul .	Producătorul de film au câștigat premiul .	Producătorul de filme au câștigat premiul .	Producătorul de film despre artist au câștigat premiul .	Producătorul de filme despre artist au câștigat premiul .	Producătorul de film despre artisti au câștigat premiul .	Producătorul de filme despre artisti au câștigat premiul .	Producătorii a câștigat premiul .	Producătorii de film a câștigat premiul .	Producătorii de filme a câștigat premiul .	Producătorii de film despre artist a câștigat premiul .	Producătorii de filme despre artist a câștigat premiul .	Producătorii de film despre artisti a câștigat premiul .	Producătorii de filme despre artisti a câștigat premiul .
17	Pisica face zgomot de ieri seară .	Pisica de pe acoperiș face zgomot de ieri seară .	Pisica de pe acoperișuri face zgomot de ieri seară .	Pisica de pe acoperișul vecinului face zgomot de ieri seară .	Pisica de pe acoperișurile vecinului face zgomot de ieri seară .	Pisica de pe acoperișul vecinilor face zgomot de ieri seară .	Pisica de pe acoperișurile vecinilor face zgomot de ieri seară .	Pisicile fac zgomot de ieri seară .	Pisicile de pe acoperiș fac zgomot de ieri seară .	Pisicile de pe acoperișuri fac zgomot de ieri seară .	Pisicile de pe acoperișul vecinului fac zgomot de ieri seară .	Pisicile de pe acoperișurile vecinului fac zgomot de ieri seară .	Pisicile de pe acoperișul vecinilor fac zgomot de ieri seară .	Pisicile de pe acoperișurile vecinilor fac zgomot de ieri seară .	Pisica fac zgomot de ieri seară .	Pisica de pe acoperiș fac zgomot de ieri seară .	Pisica de pe acoperișuri fac zgomot de ieri seară .	Pisica de pe acoperișul vecinului fac zgomot de ieri seară .	Pisica de pe acoperișurile vecinului fac zgomot de ieri seară .	Pisica de pe acoperișul vecinilor fac zgomot de ieri seară .	Pisica de pe acoperișurile vecinilor fac zgomot de ieri seară .	Pisicile face zgomot de ieri seară .	Pisicile de pe acoperiș face zgomot de ieri seară .	Pisicile de pe acoperișuri face zgomot de ieri seară .	Pisicile de pe acoperișul vecinului face zgomot de ieri seară .	Pisicile de pe acoperișurile vecinului face zgomot de ieri seară .	Pisicile de pe acoperișul vecinilor face zgomot de ieri seară .	Pisicile de pe acoperișurile vecinilor face zgomot de ieri seară .
18	Câinele a adormit .	Câinele de pe pernă a adormit .	Câinele de pe perne a adormit .	Câinele de pe perna copilului a adormit .	Câinele de pe pernele copilului a adormit .	Câinele de pe perna copiilor a adormit .	Câinele de pe pernele copiilor a adormit .	Câinii au adormit .	Câinii de pe pernă au adormit .	Câinii de pe perne au adormit .	Câinii de pe perna copilului au adormit .	Câinii de pe pernele copilului au adormit .	Câinii de pe perna copiilor au adormit .	Câinii de pe pernele copiilor au adormit .	Câinele au adormit .	Câinele de pe pernă au adormit .	Câinele de pe perne au adormit .	Câinele de pe perna copilului au adormit .	Câinele de pe pernele copilului au adormit .	Câinele de pe perna copiilor au adormit .	Câinele de pe pernele copiilor au adormit .	Câinii a adormit .	Câinii de pe pernă a adormit .	Câinii de pe perne a adormit .	Câinii de pe perna copilului a adormit .	Câinii de pe pernele copilului a adormit .	Câinii de pe perna copiilor a adormit .	Câinii de pe pernele copiilor a adormit .
19	Grevistul a blocat intrarea .	Grevistul de pe scară a blocat intrarea .	Grevistul de pe scări a blocat intrarea .	Grevistul de pe scara clădirii a blocat intrarea .	Grevistul de pe scările clădirii a blocat intrarea .	Grevistul de pe scara cladirilor a blocat intrarea .	Grevistul de pe scările cladirilor a blocat intrarea .	Greviștii au blocat intrarea .	Greviștii de pe scară au blocat intrarea .	Greviștii de pe scări au blocat intrarea .	Greviștii de pe scara clădirii au blocat intrarea .	Greviștii de pe scările clădirii au blocat intrarea .	Greviștii de pe scara cladirilor au blocat intrarea .	Greviștii de pe scările cladirilor au blocat intrarea .	Grevistul au blocat intrarea .	Grevistul de pe scară au blocat intrarea .	Grevistul de pe scări au blocat intrarea .	Grevistul de pe scara clădirii au blocat intrarea .	Grevistul de pe scările clădirii au blocat intrarea .	Grevistul de pe scara cladirilor au blocat intrarea .	Grevistul de pe scările cladirilor au blocat intrarea .	Greviștii a blocat intrarea .	Greviștii de pe scară a blocat intrarea .	Greviștii de pe scări a blocat intrarea .	Greviștii de pe scara clădirii a blocat intrarea .	Greviștii de pe scările clădirii a blocat intrarea .	Greviștii de pe scara cladirilor a blocat intrarea .	Greviștii de pe scările cladirilor a blocat intrarea .
20	Arhitectul a pierdut planurile .	Arhitectul vilei a pierdut planurile .	Arhitectul vilelor a pierdut planurile .	Arhitectul vilei milionarului a pierdut planurile .	Arhitectul vilelor milionarului a pierdut planurile .	Arhitectul vilei milionarilor a pierdut planurile .	Arhitectul vilelor milionarilor a pierdut planurile .	Arhitecții au pierdut planurile .	Arhitecții vilei au pierdut planurile .	Arhitecții vilelor au pierdut planurile .	Arhitecții vilei milionarului au pierdut planurile .	Arhitecții vilelor milionarului au pierdut planurile .	Arhitecții vilei milionarilor au pierdut planurile .	Arhitecții vilelor milionarilor au pierdut planurile .	Arhitectul au pierdut planurile .	Arhitectul vilei au pierdut planurile .	Arhitectul vilelor au pierdut planurile .	Arhitectul vilei milionarului au pierdut planurile .	Arhitectul vilelor milionarului au pierdut planurile .	Arhitectul vilei milionarilor au pierdut planurile .	Arhitectul vilelor milionarilor au pierdut planurile .	Arhitecții a pierdut planurile .	Arhitecții vilei a pierdut planurile .	Arhitecții vilelor a pierdut planurile .	Arhitecții vilei milionarului a pierdut planurile .	Arhitecții vilelor milionarului a pierdut planurile .	Arhitecții vilei milionarilor a pierdut planurile .	Arhitecții vilelor milionarilor a pierdut planurile .
21	Victima a făcut reclamație .	Victima asaltului a făcut reclamație .	Victima asalturilor a făcut reclamație .	Victima asaltului polițistului a făcut reclamație .	Victima asalturilor polițistului a făcut reclamație .	Victima asaltului polițiștilor a făcut reclamație .	Victima asalturilor polițiștilor a făcut reclamație .	Victimele au făcut reclamație .	Victimele asaltului au făcut reclamație .	Victimele asalturilor au făcut reclamație .	Victimele asaltului polițistului au făcut reclamație .	Victimele asalturilor polițistului au făcut reclamație .	Victimele asaltului polițiștilor au făcut reclamație .	Victimele asalturilor polițiștilor au făcut reclamație .	Victima au făcut reclamație .	Victima asaltului au făcut reclamație .	Victima asalturilor au făcut reclamație .	Victima asaltului polițistului au făcut reclamație .	Victima asalturilor polițistului au făcut reclamație .	Victima asaltului polițiștilor au făcut reclamație .	Victima asalturilor polițiștilor au făcut reclamație .	Victimele a făcut reclamație .	Victimele asaltului a făcut reclamație .	Victimele asalturilor a făcut reclamație .	Victimele asaltului polițistului a făcut reclamație .	Victimele asalturilor polițistului a făcut reclamație .	Victimele asaltului polițiștilor a făcut reclamație .	Victimele asalturilor polițiștilor a făcut reclamație .
22	Hoțul a făcut un accident .	Hoțul mașinii a făcut un accident .	Hoțul mașinilor a făcut un accident .	Hoțul mașinii mecanicului a făcut un accident .	Hoțul mașinilor mecanicului a făcut un accident .	Hoțul mașinii mecanicilor a făcut un accident .	Hoțul mașinilor mecanicilor a făcut un accident .	Hoții au făcut un accident .	Hoții mașinii au făcut un accident .	Hoții mașinilor au făcut un accident .	Hoții mașinii mecanicului au făcut un accident .	Hoții mașinilor mecanicului au făcut un accident .	Hoții mașinii mecanicilor au făcut un accident .	Hoții mașinilor mecanicilor au făcut un accident .	Hoțul au făcut un accident .	Hoțul mașinii au făcut un accident .	Hoțul mașinilor au făcut un accident .	Hoțul mașinii mecanicului au făcut un accident .	Hoțul mașinilor mecanicului au făcut un accident .	Hoțul mașinii mecanicilor au făcut un accident .	Hoțul mașinilor mecanicilor au făcut un accident .	Hoții a făcut un accident .	Hoții mașinii a făcut un accident .	Hoții mașinilor a făcut un accident .	Hoții mașinii mecanicului a făcut un accident .	Hoții mașinilor mecanicului a făcut un accident .	Hoții mașinii mecanicilor a făcut un accident .	Hoții mașinilor mecanicilor a făcut un accident .
23	Responsabilul va demisiona .	Responsabilul pentru protecție va demisiona .	Responsabilul pentru protecții va demisiona .	Responsabilul pentru protecția imigrantului va demisiona .	Responsabilul pentru protecțiile imigrantului va demisiona .	Responsabilul pentru protecția imigrantilor va demisiona .	Responsabilul pentru protecțiile imigrantilor va demisiona .	Responsabilii vor demisiona .	Responsabilii pentru protecție vor demisiona .	Responsabilii pentru protecții vor demisiona .	Responsabilii pentru protecția imigrantului vor demisiona .	Responsabilii pentru protecțiile imigrantului vor demisiona .	Responsabilii pentru protecția imigrantilor vor demisiona .	Responsabilii pentru protecțiile imigrantilor vor demisiona .	Responsabilul vor demisiona .	Responsabilul pentru protecție vor demisiona .	Responsabilul pentru protecții vor demisiona .	Responsabilul pentru protecția imigrantului vor demisiona .	Responsabilul pentru protecțiile imigrantului vor demisiona .	Responsabilul pentru protecția imigrantilor vor demisiona .	Responsabilul pentru protecțiile imigrantilor vor demisiona .	Responsabilii va demisiona .	Responsabilii pentru protecție va demisiona .	Responsabilii pentru protecții va demisiona .	Responsabilii pentru protecția imigrantului va demisiona .	Responsabilii pentru protecțiile imigrantului va demisiona .	Responsabilii pentru protecția imigrantilor va demisiona .	Responsabilii pentru protecțiile imigrantilor va demisiona .
24	Copacul a înflorit .	Copacul din parc a înflorit .	Copacul din parcuri a înflorit .	Copacul din parcul aproape de centru a înflorit .	Copacul din parcurile aproape de centru a înflorit .	Copacul din parcul aproape de centre a înflorit .	Copacul din parcurile aproape de centre a înflorit .	Copacii au înflorit .	Copacii din parc au înflorit .	Copacii din parcuri au înflorit .	Copacii din parcul aproape de centru au înflorit .	Copacii din parcurile aproape de centru au înflorit .	Copacii din parcul aproape de centre au înflorit .	Copacii din parcurile aproape de centre au înflorit .	Copacul au înflorit .	Copacul din parc au înflorit .	Copacul din parcuri au înflorit .	Copacul din parcul aproape de centru au înflorit .	Copacul din parcurile aproape de centru au înflorit .	Copacul din parcul aproape de centre au înflorit .	Copacul din parcurile aproape de centre au înflorit .	Copacii a înflorit .	Copacii din parc a înflorit .	Copacii din parcuri a înflorit .	Copacii din parcul aproape de centru a înflorit .	Copacii din parcurile aproape de centru a înflorit .	Copacii din parcul aproape de centre a înflorit .	Copacii din parcurile aproape de centre a înflorit .
25	Avocatul va reveni .	Avocatul infractorului va reveni .	Avocatul infractorilor va reveni .	Avocatul infractorului din sat va reveni .	Avocatul infractorilor din sat va reveni .	Avocatul infractorului din sate va reveni .	Avocatul infractorilor din sate va reveni .	Avocații vor reveni .	Avocații infractorului vor reveni .	Avocații infractorilor vor reveni .	Avocații infractorului din sat vor reveni .	Avocații infractorilor din sat vor reveni .	Avocații infractorului din sate vor reveni .	Avocații infractorilor din sate vor reveni .	Avocatul vor reveni .	Avocatul infractorului vor reveni .	Avocatul infractorilor vor reveni .	Avocatul infractorului din sat vor reveni .	Avocatul infractorilor din sat vor reveni .	Avocatul infractorului din sate vor reveni .	Avocatul infractorilor din sate vor reveni .	Avocații va reveni .	Avocații infractorului va reveni .	Avocații infractorilor va reveni .	Avocații infractorului din sat va reveni .	Avocații infractorilor din sat va reveni .	Avocații infractorului din sate va reveni .	Avocații infractorilor din sate va reveni .
26	Semința dă rezultate promițătoare .	Semința din laborator dă rezultate promițătoare .	Semința din laboratoare dă rezultate promițătoare .	Semința din laboratorul din campus dă rezultate promițătoare .	Semința din laboratoarele din campus dă rezultate promițătoare .	Semința din laboratorul din campusuri dă rezultate promițătoare .	Semința din laboratoarele din campusuri dă rezultate promițătoare .	Semințele dau rezultate promițătoare .	Semințele din laborator dau rezultate promițătoare .	Semințele din laboratoare dau rezultate promițătoare .	Semințele din laboratorul din campus dau rezultate promițătoare .	Semințele din laboratoarele din campus dau rezultate promițătoare .	Semințele din laboratorul din campusuri dau rezultate promițătoare .	Semințele din laboratoarele din campusuri dau rezultate promițătoare .	Semința dau rezultate promițătoare .	Semința din laborator dau rezultate promițătoare .	Semința din laboratoare dau rezultate promițătoare .	Semința din laboratorul din campus dau rezultate promițătoare .	Semința din laboratoarele din campus dau rezultate promițătoare .	Semința din laboratorul din campusuri dau rezultate promițătoare .	Semința din laboratoarele din campusuri dau rezultate promițătoare .	Semințele dă rezultate promițătoare .	Semințele din laborator dă rezultate promițătoare .	Semințele din laboratoare dă rezultate promițătoare .	Semințele din laboratorul din campus dă rezultate promițătoare .	Semințele din laboratoarele din campus dă rezultate promițătoare .	Semințele din laboratorul din campusuri dă rezultate promițătoare .	Semințele din laboratoarele din campusuri dă rezultate promițătoare .
27	Prietena a adormit pe plajă .	Prietena proprietarului a adormit pe plajă .	Prietena proprietarilor a adormit pe plajă .	Prietena proprietarului casei a adormit pe plajă .	Prietena proprietarilor casei a adormit pe plajă .	Prietena proprietarului caselor a adormit pe plajă .	Prietena proprietarilor caselor a adormit pe plajă .	Prietenele au adormit pe plajă .	Prietenele proprietarului au adormit pe plajă .	Prietenele proprietarilor au adormit pe plajă .	Prietenele proprietarului casei au adormit pe plajă .	Prietenele proprietarilor casei au adormit pe plajă .	Prietenele proprietarului caselor au adormit pe plajă .	Prietenele proprietarilor caselor au adormit pe plajă .	Prietena au adormit pe plajă .	Prietena proprietarului au adormit pe plajă .	Prietena proprietarilor au adormit pe plajă .	Prietena proprietarului casei au adormit pe plajă .	Prietena proprietarilor casei au adormit pe plajă .	Prietena proprietarului caselor au adormit pe plajă .	Prietena proprietarilor caselor au adormit pe plajă .	Prietenele a adormit pe plajă .	Prietenele proprietarului a adormit pe plajă .	Prietenele proprietarilor a adormit pe plajă .	Prietenele proprietarului casei a adormit pe plajă .	Prietenele proprietarilor casei a adormit pe plajă .	Prietenele proprietarului caselor a adormit pe plajă .	Prietenele proprietarilor caselor a adormit pe plajă .
28	Acompaniatorul a cântat minunat .	Acompaniatorul solistului a cântat minunat .	Acompaniatorul soliștilor a cântat minunat .	Acompaniatorul solistului din spectacol a cântat minunat .	Acompaniatorul soliștilor din spectacol a cântat minunat .	Acompaniatorul solistului din spectacole a cântat minunat .	Acompaniatorul soliștilor din spectacole a cântat minunat .	Acompaniatorii au cântat minunat .	Acompaniatorii solistului au cântat minunat .	Acompaniatorii soliștilor au cântat minunat .	Acompaniatorii solistului din spectacol au cântat minunat .	Acompaniatorii soliștilor din spectacol au cântat minunat .	Acompaniatorii solistului din spectacole au cântat minunat .	Acompaniatorii soliștilor din spectacole au cântat minunat .	Acompaniatorul au cântat minunat .	Acompaniatorul solistului au cântat minunat .	Acompaniatorul soliștilor au cântat minunat .	Acompaniatorul solistului din spectacol au cântat minunat .	Acompaniatorul soliștilor din spectacol au cântat minunat .	Acompaniatorul solistului din spectacole au cântat minunat .	Acompaniatorul soliștilor din spectacole au cântat minunat .	Acompaniatorii a cântat minunat .	Acompaniatorii solistului a cântat minunat .	Acompaniatorii soliștilor a cântat minunat .	Acompaniatorii solistului din spectacol a cântat minunat .	Acompaniatorii soliștilor din spectacol a cântat minunat .	Acompaniatorii solistului din spectacole a cântat minunat .	Acompaniatorii soliștilor din spectacole a cântat minunat .
29	Profesorul este o celebritate .	Profesorul fratelui meu este o celebritate .	Profesorul fraților mei este o celebritate .	Profesorul fratelui meu din poză este o celebritate .	Profesorul fraților mei din poză este o celebritate .	Profesorul fratelui meu din poze este o celebritate .	Profesorul fraților mei din poze este o celebritate .	Profesorii sunt celebrități .	Profesorii fratelui meu sunt celebrități .	Profesorii fraților mei sunt celebrități .	Profesorii fratelui meu din poză sunt celebrități .	Profesorii fraților mei din poză sunt celebrități .	Profesorii fratelui meu din poze sunt celebrități .	Profesorii fraților mei din poze sunt celebrități .	Profesorul sunt celebrități .	Profesorul fratelui meu sunt celebrități .	Profesorul fraților mei sunt celebrități .	Profesorul fratelui meu din poză sunt celebrități .	Profesorul fraților mei din poză sunt celebrități .	Profesorul fratelui meu din poze sunt celebrități .	Profesorul fraților mei din poze sunt celebrități .	Profesorii este o celebritate .	Profesorii fratelui meu este o celebritate .	Profesorii fraților mei este o celebritate .	Profesorii fratelui meu din poză este o celebritate .	Profesorii fraților mei din poză este o celebritate .	Profesorii fratelui meu din poze este o celebritate .	Profesorii fraților mei din poze este o celebritate .
30	Antrenorul va primi o recompensă .	Antrenorul câștigătorului va primi o recompensă .	Antrenorul câștigătorilor va primi o recompensă .	Antrenorul câștigătorului meciului va primi o recompensă .	Antrenorul câștigătorilor meciului va primi o recompensă .	Antrenorul câștigătorului meciurilor va primi o recompensă .	Antrenorul câștigătorilor meciurilor va primi o recompensă .	Antrenorii vor primi o recompensă .	Antrenorii câștigătorului vor primi o recompensă .	Antrenorii câștigătorilor vor primi o recompensă .	Antrenorii câștigătorului meciului vor primi o recompensă .	Antrenorii câștigătorilor meciului vor primi o recompensă .	Antrenorii câștigătorului meciurilor vor primi o recompensă .	Antrenorii câștigătorilor meciurilor vor primi o recompensă .	Antrenorul vor primi o recompensă .	Antrenorul câștigătorului vor primi o recompensă .	Antrenorul câștigătorilor vor primi o recompensă .	Antrenorul câștigătorului meciului vor primi o recompensă .	Antrenorul câștigătorilor meciului vor primi o recompensă .	Antrenorul câștigătorului meciurilor vor primi o recompensă .	Antrenorul câștigătorilor meciurilor vor primi o recompensă .	Antrenorii va primi o recompensă .	Antrenorii câștigătorului va primi o recompensă .	Antrenorii câștigătorilor va primi o recompensă .	Antrenorii câștigătorului meciului va primi o recompensă .	Antrenorii câștigătorilor meciului va primi o recompensă .	Antrenorii câștigătorului meciurilor va primi o recompensă .	Antrenorii câștigătorilor meciurilor va primi o recompensă .
31	Posesorul va veni .	Posesorul papagalului va veni .	Posesorul papagalilor va veni .	Posesorul papagalului din copac va veni .	Posesorul papagalilor din copac va veni .	Posesorul papagalului din copaci va veni .	Posesorul papagalilor din copaci va veni .	Posesorii vor veni .	Posesorii papagalului vor veni .	Posesorii papagalilor vor veni .	Posesorii papagalului din copac vor veni .	Posesorii papagalilor din copac vor veni .	Posesorii papagalului din copaci vor veni .	Posesorii papagalilor din copaci vor veni .	Posesorul vor veni .	Posesorul papagalului vor veni .	Posesorul papagalilor vor veni .	Posesorul papagalului din copac vor veni .	Posesorul papagalilor din copac vor veni .	Posesorul papagalului din copaci vor veni .	Posesorul papagalilor din copaci vor veni .	Posesorii va veni .	Posesorii papagalului va veni .	Posesorii papagalilor va veni .	Posesorii papagalului din copac va veni .	Posesorii papagalilor din copac va veni .	Posesorii papagalului din copaci va veni .	Posesorii papagalilor din copaci va veni .
